{
  "Packages": [
    {
      "Package": {
        "Id": "ActivitiesCustomMath",
        "Version": "1.0.0"
      },
      "Assemblies": [
        "C:\\Users\\aashok\\.nuget\\packages\\activitiescustommath/1.0.0\\lib/Math.dll"
      ]
    },
    {
      "Package": {
        "Id": "ActivitiesCustomMathFunction",
        "Version": "1.0.0"
      },
      "Assemblies": [
        "C:\\Users\\aashok\\.nuget\\packages\\activitiescustommathfunction/1.0.0\\lib/samp.dll"
      ]
    },
    {
      "Package": {
        "Id": "CButtonLib",
        "Version": "3.0.6"
      },
      "Assemblies": [
        "C:\\Users\\aashok\\.nuget\\packages\\cbuttonlib/3.0.6\\lib/net40/CButtonLib.dll"
      ]
    },
    {
      "Package": {
        "Id": "Custom.Activities.VariableComparer",
        "Version": "2.1.6"
      },
      "Assemblies": [
        "C:\\Users\\aashok\\.nuget\\packages\\custom.activities.variablecomparer/2.1.6\\lib/net451/CustomActivities.VariableComparer.Design.dll",
        "C:\\Users\\aashok\\.nuget\\packages\\custom.activities.variablecomparer/2.1.6\\lib/net451/CustomActivities.VariableComparer.dll",
        "C:\\Users\\aashok\\.nuget\\packages\\newtonsoft.json/11.0.2\\lib/net45/Newtonsoft.Json.dll"
      ]
    },
    {
      "Package": {
        "Id": "CustomActivityTest",
        "Version": "1.0.0"
      },
      "Assemblies": [
        "C:\\Users\\aashok\\.nuget\\packages\\customactivitytest/1.0.0\\lib/net461/CustomActivityTest.dll"
      ]
    },
    {
      "Package": {
        "Id": "Microsoft.VisualBasic",
        "Version": "10.0.0"
      },
      "Assemblies": []
    },
    {
      "Package": {
        "Id": "Microsoft.VisualStudio.InteractiveWindow",
        "Version": "2.8.0"
      },
      "Assemblies": [
        "C:\\Users\\aashok\\.nuget\\packages\\microsoft.visualstudio.coreutility/15.0.26606\\lib/net45/Microsoft.VisualStudio.CoreUtility.dll",
        "C:\\Users\\aashok\\.nuget\\packages\\microsoft.visualstudio.imagecatalog/15.0.26606\\lib/net45/Microsoft.VisualStudio.ImageCatalog.dll",
        "C:\\Users\\aashok\\.nuget\\packages\\microsoft.visualstudio.imaging/15.0.26606\\lib/net45/Microsoft.VisualStudio.Imaging.dll",
        "C:\\Users\\aashok\\.nuget\\packages\\microsoft.visualstudio.interactivewindow/2.8.0\\lib/net46/Microsoft.VisualStudio.InteractiveWindow.dll",
        "C:\\Users\\aashok\\.nuget\\packages\\microsoft.visualstudio.language.intellisense/15.0.26606\\lib/net45/Microsoft.VisualStudio.Language.Intellisense.dll",
        "C:\\Users\\aashok\\.nuget\\packages\\microsoft.visualstudio.language.standardclassification/15.0.26606\\lib/net45/Microsoft.VisualStudio.Language.StandardClassification.dll",
        "C:\\Users\\aashok\\.nuget\\packages\\microsoft.visualstudio.text.data/15.0.26606\\lib/net45/Microsoft.VisualStudio.Text.Data.dll",
        "C:\\Users\\aashok\\.nuget\\packages\\microsoft.visualstudio.text.logic/15.0.26606\\lib/net45/Microsoft.VisualStudio.Text.Logic.dll",
        "C:\\Users\\aashok\\.nuget\\packages\\microsoft.visualstudio.text.ui/15.0.26606\\lib/net45/Microsoft.VisualStudio.Text.UI.dll",
        "C:\\Users\\aashok\\.nuget\\packages\\microsoft.visualstudio.text.ui.wpf/15.0.26606\\lib/net45/Microsoft.VisualStudio.Text.UI.Wpf.dll",
        "C:\\Users\\aashok\\.nuget\\packages\\microsoft.visualstudio.threading/15.3.83\\lib/net45/Microsoft.VisualStudio.Threading.dll",
        "C:\\Users\\aashok\\.nuget\\packages\\microsoft.visualstudio.utilities/15.0.26606\\lib/net45/Microsoft.VisualStudio.Utilities.dll",
        "C:\\Users\\aashok\\.nuget\\packages\\microsoft.visualstudio.validation/15.3.15\\lib/net45/Microsoft.VisualStudio.Validation.dll"
      ]
    },
    {
      "Package": {
        "Id": "NuGet.VisualStudio",
        "Version": "5.0.2"
      },
      "Assemblies": []
    },
    {
      "Package": {
        "Id": "Speech",
        "Version": "1.0.7"
      },
      "Assemblies": [
        "C:\\Users\\aashok\\.nuget\\packages\\speech/1.0.7\\lib/Text-To-Speech.dll"
      ]
    },
    {
      "Package": {
        "Id": "TestCustomActivity",
        "Version": "1.0.0"
      },
      "Assemblies": [
        "C:\\Users\\aashok\\.nuget\\packages\\testcustomactivity/1.0.0\\lib/SimpleFormula.dll"
      ]
    },
    {
      "Package": {
        "Id": "UiPath",
        "Version": "19.4.7054.14370"
      },
      "Assemblies": [
        "C:\\Users\\aashok\\.nuget\\packages\\uipath/19.4.7054.14370\\lib/UiPath.Interop.dll"
      ]
    },
    {
      "Package": {
        "Id": "UiPath.AbbyyFRE12.Bundle",
        "Version": "1.0.0"
      },
      "Assemblies": [
        "C:\\Users\\aashok\\.nuget\\packages\\uipath.abbyyfre12.bundle/1.0.0\\lib/net452/Interop.FREngine.v12.dll",
        "C:\\Users\\aashok\\.nuget\\packages\\uipath.abbyyfre12.bundle/1.0.0\\lib/net452/UiPath.AbbyyFRE12.Bundle.dll"
      ]
    },
    {
      "Package": {
        "Id": "UiPath.Cognitive.Activities",
        "Version": "2.2.1"
      },
      "Assemblies": [
        "C:\\Users\\aashok\\.nuget\\packages\\newtonsoft.json/11.0.2\\lib/net45/Newtonsoft.Json.dll",
        "C:\\Users\\aashok\\.nuget\\packages\\uipath.cognitive.activities/2.2.1\\lib/net452/UiPath.Cognitive.Activities.Design.dll",
        "C:\\Users\\aashok\\.nuget\\packages\\uipath.cognitive.activities/2.2.1\\lib/net452/UiPath.Cognitive.Activities.dll",
        "C:\\Users\\aashok\\.nuget\\packages\\uipath.cognitive.activities/2.2.1\\lib/net452/UiPath.Cognitive.dll"
      ]
    },
    {
      "Package": {
        "Id": "UiPath.Excel.Activities",
        "Version": "2.5.2"
      },
      "Assemblies": [
        "C:\\Users\\aashok\\.nuget\\packages\\closedxml/0.87.1\\lib/net40/ClosedXML.dll",
        "C:\\Users\\aashok\\.nuget\\packages\\csvhelper/2.13.5\\lib/net40-client/CsvHelper.dll",
        "C:\\Users\\aashok\\.nuget\\packages\\documentformat.openxml/2.5.0\\lib/DocumentFormat.OpenXml.dll",
        "C:\\Users\\aashok\\.nuget\\packages\\microsoft.visualstudio.ole.interop/7.10.6071\\lib/Microsoft.VisualStudio.OLE.Interop.dll",
        "C:\\Users\\aashok\\.nuget\\packages\\npoi/2.4.1\\lib/net45/NPOI.OOXML.dll",
        "C:\\Users\\aashok\\.nuget\\packages\\npoi/2.4.1\\lib/net45/NPOI.OpenXml4Net.dll",
        "C:\\Users\\aashok\\.nuget\\packages\\npoi/2.4.1\\lib/net45/NPOI.OpenXmlFormats.dll",
        "C:\\Users\\aashok\\.nuget\\packages\\npoi/2.4.1\\lib/net45/NPOI.dll",
        "C:\\Users\\aashok\\.nuget\\packages\\sharpziplib/1.0.0\\lib/net45/ICSharpCode.SharpZipLib.dll",
        "C:\\Users\\aashok\\.nuget\\packages\\uipath.excel.activities/2.5.2\\lib/net452/UiPath.Excel.Activities.Design.dll",
        "C:\\Users\\aashok\\.nuget\\packages\\uipath.excel.activities/2.5.2\\lib/net452/UiPath.Excel.Activities.dll",
        "C:\\Users\\aashok\\.nuget\\packages\\uipath.excel.activities/2.5.2\\lib/net452/UiPath.Excel.dll"
      ]
    },
    {
      "Package": {
        "Id": "UiPath.GoogleSpeech.Activities",
        "Version": "0.1.6850.39757"
      },
      "Assemblies": [
        "C:\\Users\\aashok\\.nuget\\packages\\google.api.commonprotos/1.2.0\\lib/net45/Google.Api.CommonProtos.dll",
        "C:\\Users\\aashok\\.nuget\\packages\\google.api.gax/2.4.0\\lib/net45/Google.Api.Gax.dll",
        "C:\\Users\\aashok\\.nuget\\packages\\google.api.gax.grpc/2.4.0\\lib/net45/Google.Api.Gax.Grpc.dll",
        "C:\\Users\\aashok\\.nuget\\packages\\google.api.gax.rest/2.3.0\\lib/net45/Google.Api.Gax.Rest.dll",
        "C:\\Users\\aashok\\.nuget\\packages\\google.apis/1.34.0\\lib/net45/Google.Apis.PlatformServices.dll",
        "C:\\Users\\aashok\\.nuget\\packages\\google.apis/1.34.0\\lib/net45/Google.Apis.dll",
        "C:\\Users\\aashok\\.nuget\\packages\\google.apis.auth/1.34.0\\lib/net45/Google.Apis.Auth.PlatformServices.dll",
        "C:\\Users\\aashok\\.nuget\\packages\\google.apis.auth/1.34.0\\lib/net45/Google.Apis.Auth.dll",
        "C:\\Users\\aashok\\.nuget\\packages\\google.apis.core/1.34.0\\lib/net45/Google.Apis.Core.dll",
        "C:\\Users\\aashok\\.nuget\\packages\\google.apis.speech.v1beta1/1.34.0.1246\\lib/net45/Google.Apis.Speech.v1beta1.dll",
        "C:\\Users\\aashok\\.nuget\\packages\\google.cloud.speech.v1/1.0.1\\lib/net45/Google.Cloud.Speech.V1.dll",
        "C:\\Users\\aashok\\.nuget\\packages\\google.longrunning/1.0.0\\lib/net45/Google.LongRunning.dll",
        "C:\\Users\\aashok\\.nuget\\packages\\google.protobuf/3.5.1\\lib/net45/Google.Protobuf.dll",
        "C:\\Users\\aashok\\.nuget\\packages\\grpc.auth/1.12.0\\lib/net45/Grpc.Auth.dll",
        "C:\\Users\\aashok\\.nuget\\packages\\grpc.core/1.12.0\\lib/net45/Grpc.Core.dll",
        "C:\\Users\\aashok\\.nuget\\packages\\jh.google.cloud.texttospeech.v1/1.0.2\\lib/net45/Google.Cloud.TextToSpeech.V1.dll",
        "C:\\Users\\aashok\\.nuget\\packages\\naudio/1.8.4\\lib/net35/NAudio.dll",
        "C:\\Users\\aashok\\.nuget\\packages\\newtonsoft.json/11.0.2\\lib/net45/Newtonsoft.Json.dll",
        "C:\\Users\\aashok\\.nuget\\packages\\system.interactive.async/3.2.0\\lib/net46/System.Interactive.Async.dll",
        "C:\\Users\\aashok\\.nuget\\packages\\system.net.http/4.3.1\\lib/net46/System.Net.Http.dll",
        "C:\\Users\\aashok\\.nuget\\packages\\system.security.cryptography.algorithms/4.3.0\\lib/net461/System.Security.Cryptography.Algorithms.dll",
        "C:\\Users\\aashok\\.nuget\\packages\\system.security.cryptography.encoding/4.3.0\\lib/net46/System.Security.Cryptography.Encoding.dll",
        "C:\\Users\\aashok\\.nuget\\packages\\system.security.cryptography.primitives/4.3.0\\lib/net46/System.Security.Cryptography.Primitives.dll",
        "C:\\Users\\aashok\\.nuget\\packages\\system.security.cryptography.x509certificates/4.3.0\\lib/net461/System.Security.Cryptography.X509Certificates.dll",
        "C:\\Users\\aashok\\.nuget\\packages\\uipath.googlespeech.activities/0.1.6850.39757\\lib/net452/UiPath.GoogleSpeech.Activities.Design.dll",
        "C:\\Users\\aashok\\.nuget\\packages\\uipath.googlespeech.activities/0.1.6850.39757\\lib/net452/UiPath.GoogleSpeech.Activities.dll",
        "C:\\Users\\aashok\\.nuget\\packages\\uipath.googlespeech.activities/0.1.6850.39757\\lib/net452/UiPath.GoogleSpeech.dll"
      ]
    },
    {
      "Package": {
        "Id": "UiPath.IntelligentOCR.Activities",
        "Version": "2.0.0"
      },
      "Assemblies": [
        "C:\\Users\\aashok\\.nuget\\packages\\aforge/2.2.5\\lib/AForge.dll",
        "C:\\Users\\aashok\\.nuget\\packages\\aforge.genetic/2.2.5\\lib/AForge.Genetic.dll",
        "C:\\Users\\aashok\\.nuget\\packages\\aforge.imaging/2.2.5\\lib/AForge.Imaging.dll",
        "C:\\Users\\aashok\\.nuget\\packages\\aforge.math/2.2.5\\lib/AForge.Math.dll",
        "C:\\Users\\aashok\\.nuget\\packages\\aforge.neuro/2.2.5\\lib/AForge.Neuro.dll",
        "C:\\Users\\aashok\\.nuget\\packages\\bitmiracle.docotic.pdf/5.2.8369\\lib/net40/BitMiracle.Docotic.Pdf.dll",
        "C:\\Users\\aashok\\.nuget\\packages\\csvhelper/2.13.5\\lib/net40-client/CsvHelper.dll",
        "C:\\Users\\aashok\\.nuget\\packages\\fsharp.core/4.0.0.1\\lib/net40/FSharp.Core.dll",
        "C:\\Users\\aashok\\.nuget\\packages\\ivanakcheurov.ntextcat.lib/0.2.1.1\\lib/net40/IvanAkcheurov.Commons.dll",
        "C:\\Users\\aashok\\.nuget\\packages\\ivanakcheurov.ntextcat.lib/0.2.1.1\\lib/net40/IvanAkcheurov.NClassify.dll",
        "C:\\Users\\aashok\\.nuget\\packages\\ivanakcheurov.ntextcat.lib/0.2.1.1\\lib/net40/IvanAkcheurov.NTextCat.Lib.dll",
        "C:\\Users\\aashok\\.nuget\\packages\\mathnet.numerics/4.5.1\\lib/net461/MathNet.Numerics.dll",
        "C:\\Users\\aashok\\.nuget\\packages\\metrics.net/0.5.5\\lib/net45/Metrics.dll",
        "C:\\Users\\aashok\\.nuget\\packages\\microsoft.xaml.behaviors.wpf/1.0.1\\lib/net45/Microsoft.Xaml.Behaviors.dll",
        "C:\\Users\\aashok\\.nuget\\packages\\newtonsoft.json/11.0.2\\lib/net45/Newtonsoft.Json.dll",
        "C:\\Users\\aashok\\.nuget\\packages\\numsense/0.12.0\\lib/net45/Ploeh.Numsense.dll",
        "C:\\Users\\aashok\\.nuget\\packages\\system.collections.immutable/1.5.0\\lib/netstandard2.0/System.Collections.Immutable.dll",
        "C:\\Users\\aashok\\.nuget\\packages\\system.runtime.interopservices.runtimeinformation/4.3.0\\lib/net45/System.Runtime.InteropServices.RuntimeInformation.dll",
        "C:\\Users\\aashok\\.nuget\\packages\\system.valuetuple/4.5.0\\lib/net461/System.ValueTuple.dll",
        "C:\\Users\\aashok\\.nuget\\packages\\uipath.cefsharpbundle/1.0.1\\lib/net452/CefSharp.BrowserSubprocess.Core.dll",
        "C:\\Users\\aashok\\.nuget\\packages\\uipath.cefsharpbundle/1.0.1\\lib/net452/CefSharp.Core.dll",
        "C:\\Users\\aashok\\.nuget\\packages\\uipath.cefsharpbundle/1.0.1\\lib/net452/CefSharp.Wpf.dll",
        "C:\\Users\\aashok\\.nuget\\packages\\uipath.cefsharpbundle/1.0.1\\lib/net452/CefSharp.dll",
        "C:\\Users\\aashok\\.nuget\\packages\\uipath.cefsharpbundle/1.0.1\\lib/net452/UiPath.CEFSharpBundle.dll",
        "C:\\Users\\aashok\\.nuget\\packages\\uipath.cefsharpbundle/1.0.1\\lib/net452/chrome_elf.dll",
        "C:\\Users\\aashok\\.nuget\\packages\\uipath.cefsharpbundle/1.0.1\\lib/net452/d3dcompiler_47.dll",
        "C:\\Users\\aashok\\.nuget\\packages\\uipath.cefsharpbundle/1.0.1\\lib/net452/libEGL.dll",
        "C:\\Users\\aashok\\.nuget\\packages\\uipath.cefsharpbundle/1.0.1\\lib/net452/libGLESv2.dll",
        "C:\\Users\\aashok\\.nuget\\packages\\uipath.cefsharpbundle/1.0.1\\lib/net452/libcef.dll",
        "C:\\Users\\aashok\\.nuget\\packages\\uipath.cefsharpbundle/1.0.1\\lib/net452/msvcp140.dll",
        "C:\\Users\\aashok\\.nuget\\packages\\uipath.cefsharpbundle/1.0.1\\lib/net452/swiftshader/libEGL.dll",
        "C:\\Users\\aashok\\.nuget\\packages\\uipath.cefsharpbundle/1.0.1\\lib/net452/swiftshader/libGLESv2.dll",
        "C:\\Users\\aashok\\.nuget\\packages\\uipath.cefsharpbundle/1.0.1\\lib/net452/vcruntime140.dll",
        "C:\\Users\\aashok\\.nuget\\packages\\uipath.documentprocessing.contracts/1.0.0\\lib/net461/UiPath.DocumentProcessing.Contracts.dll",
        "C:\\Users\\aashok\\.nuget\\packages\\uipath.intelligentocr.activities/2.0.0\\lib/net461/FCEngine.VisualComponents.dll",
        "C:\\Users\\aashok\\.nuget\\packages\\uipath.intelligentocr.activities/2.0.0\\lib/net461/Interop.FCEngine.dll",
        "C:\\Users\\aashok\\.nuget\\packages\\uipath.intelligentocr.activities/2.0.0\\lib/net461/UiPath.IntelligentOCR.Activities.Design.dll",
        "C:\\Users\\aashok\\.nuget\\packages\\uipath.intelligentocr.activities/2.0.0\\lib/net461/UiPath.IntelligentOCR.Activities.dll",
        "C:\\Users\\aashok\\.nuget\\packages\\uipath.intelligentocr.activities/2.0.0\\lib/net461/UiPath.IntelligentOCR.dll",
        "C:\\Users\\aashok\\.nuget\\packages\\uipath.intelligentocr.activities/2.0.0\\lib/net461/UiPath.SmartData.Data.dll",
        "C:\\Users\\aashok\\.nuget\\packages\\uipath.intelligentocr.activities/2.0.0\\lib/net461/UiPath.SmartData.Digitization.dll",
        "C:\\Users\\aashok\\.nuget\\packages\\uipath.intelligentocr.activities/2.0.0\\lib/net461/UiPath.SmartData.DocumentClassification.dll",
        "C:\\Users\\aashok\\.nuget\\packages\\uipath.intelligentocr.activities/2.0.0\\lib/net461/UiPath.SmartData.FixedForms.dll",
        "C:\\Users\\aashok\\.nuget\\packages\\uipath.intelligentocr.activities/2.0.0\\lib/net461/UiPath.SmartData.Host.Local.Infrastructure.dll",
        "C:\\Users\\aashok\\.nuget\\packages\\uipath.intelligentocr.activities/2.0.0\\lib/net461/UiPath.SmartData.ImageProcessing.dll",
        "C:\\Users\\aashok\\.nuget\\packages\\uipath.intelligentocr.activities/2.0.0\\lib/net461/UiPath.SmartData.Language.dll",
        "C:\\Users\\aashok\\.nuget\\packages\\uipath.intelligentocr.activities/2.0.0\\lib/net461/UiPath.SmartData.Localization.dll",
        "C:\\Users\\aashok\\.nuget\\packages\\uipath.intelligentocr.activities/2.0.0\\lib/net461/UiPath.SmartData.OCR.dll",
        "C:\\Users\\aashok\\.nuget\\packages\\uipath.intelligentocr.activities/2.0.0\\lib/net461/UiPath.SmartData.OutOfProcessUi.Common.dll",
        "C:\\Users\\aashok\\.nuget\\packages\\uipath.intelligentocr.activities/2.0.0\\lib/net461/UiPath.SmartData.PDF.dll",
        "C:\\Users\\aashok\\.nuget\\packages\\uipath.intelligentocr.activities/2.0.0\\lib/net461/UiPath.SmartData.TableProcessing.dll",
        "C:\\Users\\aashok\\.nuget\\packages\\uipath.intelligentocr.activities/2.0.0\\lib/net461/UiPath.SmartData.TaxonomyManager.Host.Local.dll",
        "C:\\Users\\aashok\\.nuget\\packages\\uipath.intelligentocr.activities/2.0.0\\lib/net461/UiPath.SmartData.TaxonomyManager.Storage.dll",
        "C:\\Users\\aashok\\.nuget\\packages\\uipath.intelligentocr.activities/2.0.0\\lib/net461/UiPath.SmartData.TaxonomyManager.dll",
        "C:\\Users\\aashok\\.nuget\\packages\\uipath.intelligentocr.activities/2.0.0\\lib/net461/UiPath.SmartData.Utils.dll",
        "C:\\Users\\aashok\\.nuget\\packages\\uipath.intelligentocr.activities/2.0.0\\lib/net461/UiPath.SmartData.ValidationStation.Host.Local.dll",
        "C:\\Users\\aashok\\.nuget\\packages\\uipath.intelligentocr.activities/2.0.0\\lib/net461/UiPath.SmartData.ValidationStation.PDF.Optimization.dll",
        "C:\\Users\\aashok\\.nuget\\packages\\uipath.intelligentocr.activities/2.0.0\\lib/net461/UiPath.SmartData.ValidationStation.Storage.dll",
        "C:\\Users\\aashok\\.nuget\\packages\\uipath.intelligentocr.activities/2.0.0\\lib/net461/UiPath.SmartData.ValidationStation.ValueParsing.dll",
        "C:\\Users\\aashok\\.nuget\\packages\\uipath.intelligentocr.activities/2.0.0\\lib/net461/UiPath.SmartData.ValidationStation.dll",
        "C:\\Users\\aashok\\.nuget\\packages\\uipath.vision/1.5.0\\lib/net452/UiPath.Vision.AbbyyCloud.dll",
        "C:\\Users\\aashok\\.nuget\\packages\\uipath.vision/1.5.0\\lib/net452/UiPath.Vision.AbbyyFRE11.dll",
        "C:\\Users\\aashok\\.nuget\\packages\\uipath.vision/1.5.0\\lib/net452/UiPath.Vision.AbbyyFRE12.dll",
        "C:\\Users\\aashok\\.nuget\\packages\\uipath.vision/1.5.0\\lib/net452/UiPath.Vision.AbbyyFRECommon.dll",
        "C:\\Users\\aashok\\.nuget\\packages\\uipath.vision/1.5.0\\lib/net452/UiPath.Vision.AzureComputerVision.dll",
        "C:\\Users\\aashok\\.nuget\\packages\\uipath.vision/1.5.0\\lib/net452/UiPath.Vision.Core.dll",
        "C:\\Users\\aashok\\.nuget\\packages\\uipath.vision/1.5.0\\lib/net452/UiPath.Vision.GoogleCloud.dll",
        "C:\\Users\\aashok\\.nuget\\packages\\uipath.vision/1.5.0\\lib/net452/UiPath.Vision.Microsoft.dll",
        "C:\\Users\\aashok\\.nuget\\packages\\uipath.vision/1.5.0\\lib/net452/UiPath.Vision.MicrosoftCloud.dll",
        "C:\\Users\\aashok\\.nuget\\packages\\uipath.vision/1.5.0\\lib/net452/UiPath.Vision.Tesseract.dll",
        "C:\\Users\\aashok\\.nuget\\packages\\uipath.vision/1.5.0\\lib/net452/UiPath.Vision.dll"
      ]
    },
    {
      "Package": {
        "Id": "UiPath.Mail.Activities",
        "Version": "1.3.0"
      },
      "Assemblies": [
        "C:\\Users\\aashok\\.nuget\\packages\\bouncycastle/1.8.1\\lib/BouncyCastle.Crypto.dll",
        "C:\\Users\\aashok\\.nuget\\packages\\microsoft.exchange.webservices/2.2.0\\lib/40/Microsoft.Exchange.WebServices.Auth.dll",
        "C:\\Users\\aashok\\.nuget\\packages\\microsoft.exchange.webservices/2.2.0\\lib/40/Microsoft.Exchange.WebServices.dll",
        "C:\\Users\\aashok\\.nuget\\packages\\uipath.mail.activities/1.3.0\\lib/net452/MailKit.dll",
        "C:\\Users\\aashok\\.nuget\\packages\\uipath.mail.activities/1.3.0\\lib/net452/MimeKit.dll",
        "C:\\Users\\aashok\\.nuget\\packages\\uipath.mail.activities/1.3.0\\lib/net452/UiPath.Mail.Activities.Design.dll",
        "C:\\Users\\aashok\\.nuget\\packages\\uipath.mail.activities/1.3.0\\lib/net452/UiPath.Mail.Activities.dll",
        "C:\\Users\\aashok\\.nuget\\packages\\uipath.mail.activities/1.3.0\\lib/net452/UiPath.Mail.dll"
      ]
    },
    {
      "Package": {
        "Id": "UiPath.MicrosoftTxtRecognizer.Activities",
        "Version": "0.1.6850.37240"
      },
      "Assemblies": [
        "C:\\Users\\aashok\\.nuget\\packages\\microsoft.recognizers.text/1.1.1\\lib/net452/Microsoft.Recognizers.Definitions.dll",
        "C:\\Users\\aashok\\.nuget\\packages\\microsoft.recognizers.text/1.1.1\\lib/net452/Microsoft.Recognizers.Text.dll",
        "C:\\Users\\aashok\\.nuget\\packages\\microsoft.recognizers.text.choice/1.1.1\\lib/net452/Microsoft.Recognizers.Text.Choice.dll",
        "C:\\Users\\aashok\\.nuget\\packages\\microsoft.recognizers.text.datetime/1.1.1\\lib/net452/Microsoft.Recognizers.Text.DateTime.dll",
        "C:\\Users\\aashok\\.nuget\\packages\\microsoft.recognizers.text.number/1.1.1\\lib/net452/Microsoft.Recognizers.Text.Number.dll",
        "C:\\Users\\aashok\\.nuget\\packages\\microsoft.recognizers.text.numberwithunit/1.1.1\\lib/net452/Microsoft.Recognizers.Text.NumberWithUnit.dll",
        "C:\\Users\\aashok\\.nuget\\packages\\microsoft.recognizers.text.sequence/1.1.1\\lib/net452/Microsoft.Recognizers.Text.Sequence.dll",
        "C:\\Users\\aashok\\.nuget\\packages\\system.collections.immutable/1.5.0\\lib/netstandard2.0/System.Collections.Immutable.dll",
        "C:\\Users\\aashok\\.nuget\\packages\\system.valuetuple/4.5.0\\lib/net461/System.ValueTuple.dll",
        "C:\\Users\\aashok\\.nuget\\packages\\uipath.microsofttxtrecognizer.activities/0.1.6850.37240\\lib/net452/UiPath.MicrosoftTextRecognizer.Activities.dll",
        "C:\\Users\\aashok\\.nuget\\packages\\uipath.microsofttxtrecognizer.activities/0.1.6850.37240\\lib/net452/UiPath.MicrosoftTextRecognizer.dll",
        "C:\\Users\\aashok\\.nuget\\packages\\uipath.microsofttxtrecognizer.activities/0.1.6850.37240\\lib/net452/UiPath.MicrosoftTxtRecognizer.Activities.Design.dll"
      ]
    },
    {
      "Package": {
        "Id": "UiPath.Script.Activities",
        "Version": "1.0.6710.16240"
      },
      "Assemblies": [
        "C:\\Users\\aashok\\.nuget\\packages\\system.management.automation/6.1.7601.17515\\lib/net45/System.Management.Automation.dll",
        "C:\\Users\\aashok\\.nuget\\packages\\uipath.script.activities/1.0.6710.16240\\lib/net45/AutoHotkey.Interop.dll",
        "C:\\Users\\aashok\\.nuget\\packages\\uipath.script.activities/1.0.6710.16240\\lib/net45/UiPath.Script.Activities.Design.dll",
        "C:\\Users\\aashok\\.nuget\\packages\\uipath.script.activities/1.0.6710.16240\\lib/net45/UiPath.Script.Activities.dll",
        "C:\\Users\\aashok\\.nuget\\packages\\uipath.script.activities/1.0.6710.16240\\lib/net45/UiPath.Script.dll"
      ]
    },
    {
      "Package": {
        "Id": "UiPath.System.Activities",
        "Version": "19.3.0"
      },
      "Assemblies": [
        "C:\\Users\\aashok\\.nuget\\packages\\csvhelper/2.13.5\\lib/net40-client/CsvHelper.dll",
        "C:\\Users\\aashok\\.nuget\\packages\\microsoft.rest.clientruntime/2.3.10\\lib/net452/Microsoft.Rest.ClientRuntime.dll",
        "C:\\Users\\aashok\\.nuget\\packages\\newtonsoft.json/11.0.2\\lib/net45/Newtonsoft.Json.dll",
        "C:\\Users\\aashok\\.nuget\\packages\\uipath.system.activities/19.3.0\\lib/net461/ActiproSoftware.Docking.Wpf.dll",
        "C:\\Users\\aashok\\.nuget\\packages\\uipath.system.activities/19.3.0\\lib/net461/ActiproSoftware.Ribbon.Wpf.dll",
        "C:\\Users\\aashok\\.nuget\\packages\\uipath.system.activities/19.3.0\\lib/net461/ActiproSoftware.Shared.Wpf.dll",
        "C:\\Users\\aashok\\.nuget\\packages\\uipath.system.activities/19.3.0\\lib/net461/ActiproSoftware.SyntaxEditor.Addons.DotNet.Wpf.dll",
        "C:\\Users\\aashok\\.nuget\\packages\\uipath.system.activities/19.3.0\\lib/net461/ActiproSoftware.SyntaxEditor.Wpf.dll",
        "C:\\Users\\aashok\\.nuget\\packages\\uipath.system.activities/19.3.0\\lib/net461/ActiproSoftware.Text.Addons.DotNet.Wpf.dll",
        "C:\\Users\\aashok\\.nuget\\packages\\uipath.system.activities/19.3.0\\lib/net461/ActiproSoftware.Text.LLParser.Wpf.dll",
        "C:\\Users\\aashok\\.nuget\\packages\\uipath.system.activities/19.3.0\\lib/net461/ActiproSoftware.Text.Wpf.dll",
        "C:\\Users\\aashok\\.nuget\\packages\\uipath.system.activities/19.3.0\\lib/net461/ActiproSoftware.Wizard.Wpf.dll",
        "C:\\Users\\aashok\\.nuget\\packages\\uipath.system.activities/19.3.0\\lib/net461/UiPath.OrchestratorClient.dll",
        "C:\\Users\\aashok\\.nuget\\packages\\uipath.system.activities/19.3.0\\lib/net461/UiPath.System.Activities.Design.dll",
        "C:\\Users\\aashok\\.nuget\\packages\\uipath.system.activities/19.3.0\\lib/net461/UiPath.System.Activities.dll"
      ]
    },
    {
      "Package": {
        "Id": "UiPath.UIAutomation.Activities",
        "Version": "19.3.0"
      },
      "Assemblies": [
        "C:\\Users\\aashok\\.nuget\\packages\\avalonedit/5.0.3\\lib/Net40/ICSharpCode.AvalonEdit.dll",
        "C:\\Users\\aashok\\.nuget\\packages\\extended.wpf.toolkit/2.8.0\\lib/net40/Xceed.Wpf.AvalonDock.Themes.Aero.dll",
        "C:\\Users\\aashok\\.nuget\\packages\\extended.wpf.toolkit/2.8.0\\lib/net40/Xceed.Wpf.AvalonDock.Themes.Metro.dll",
        "C:\\Users\\aashok\\.nuget\\packages\\extended.wpf.toolkit/2.8.0\\lib/net40/Xceed.Wpf.AvalonDock.Themes.VS2010.dll",
        "C:\\Users\\aashok\\.nuget\\packages\\extended.wpf.toolkit/2.8.0\\lib/net40/Xceed.Wpf.AvalonDock.dll",
        "C:\\Users\\aashok\\.nuget\\packages\\extended.wpf.toolkit/2.8.0\\lib/net40/Xceed.Wpf.DataGrid.dll",
        "C:\\Users\\aashok\\.nuget\\packages\\extended.wpf.toolkit/2.8.0\\lib/net40/Xceed.Wpf.Toolkit.dll",
        "C:\\Users\\aashok\\.nuget\\packages\\humanizer.core/2.4.2\\lib/netstandard2.0/Humanizer.dll",
        "C:\\Users\\aashok\\.nuget\\packages\\uipath/19.4.7054.14370\\lib/UiPath.Interop.dll",
        "C:\\Users\\aashok\\.nuget\\packages\\uipath.uiautomation.activities/19.3.0\\lib/net461/ActiproSoftware.Docking.Wpf.dll",
        "C:\\Users\\aashok\\.nuget\\packages\\uipath.uiautomation.activities/19.3.0\\lib/net461/ActiproSoftware.Editors.Wpf.dll",
        "C:\\Users\\aashok\\.nuget\\packages\\uipath.uiautomation.activities/19.3.0\\lib/net461/ActiproSoftware.Ribbon.Wpf.dll",
        "C:\\Users\\aashok\\.nuget\\packages\\uipath.uiautomation.activities/19.3.0\\lib/net461/ActiproSoftware.Shared.Wpf.dll",
        "C:\\Users\\aashok\\.nuget\\packages\\uipath.uiautomation.activities/19.3.0\\lib/net461/ActiproSoftware.SyntaxEditor.Addons.DotNet.Wpf.dll",
        "C:\\Users\\aashok\\.nuget\\packages\\uipath.uiautomation.activities/19.3.0\\lib/net461/ActiproSoftware.SyntaxEditor.Wpf.dll",
        "C:\\Users\\aashok\\.nuget\\packages\\uipath.uiautomation.activities/19.3.0\\lib/net461/ActiproSoftware.Text.Addons.DotNet.Wpf.dll",
        "C:\\Users\\aashok\\.nuget\\packages\\uipath.uiautomation.activities/19.3.0\\lib/net461/ActiproSoftware.Text.LLParser.Wpf.dll",
        "C:\\Users\\aashok\\.nuget\\packages\\uipath.uiautomation.activities/19.3.0\\lib/net461/ActiproSoftware.Text.Wpf.dll",
        "C:\\Users\\aashok\\.nuget\\packages\\uipath.uiautomation.activities/19.3.0\\lib/net461/ActiproSoftware.Wizard.Wpf.dll",
        "C:\\Users\\aashok\\.nuget\\packages\\uipath.uiautomation.activities/19.3.0\\lib/net461/UiPath.UIAutomation.Activities.Design.dll",
        "C:\\Users\\aashok\\.nuget\\packages\\uipath.uiautomation.activities/19.3.0\\lib/net461/UiPath.UiAutomation.Activities.dll",
        "C:\\Users\\aashok\\.nuget\\packages\\uipath.uiautomation.activities/19.3.0\\lib/net461/UiPath.Wizards.dll",
        "C:\\Users\\aashok\\.nuget\\packages\\uipath.vision/1.5.0\\lib/net452/UiPath.Vision.AbbyyCloud.dll",
        "C:\\Users\\aashok\\.nuget\\packages\\uipath.vision/1.5.0\\lib/net452/UiPath.Vision.AbbyyFRE11.dll",
        "C:\\Users\\aashok\\.nuget\\packages\\uipath.vision/1.5.0\\lib/net452/UiPath.Vision.AbbyyFRE12.dll",
        "C:\\Users\\aashok\\.nuget\\packages\\uipath.vision/1.5.0\\lib/net452/UiPath.Vision.AbbyyFRECommon.dll",
        "C:\\Users\\aashok\\.nuget\\packages\\uipath.vision/1.5.0\\lib/net452/UiPath.Vision.AzureComputerVision.dll",
        "C:\\Users\\aashok\\.nuget\\packages\\uipath.vision/1.5.0\\lib/net452/UiPath.Vision.Core.dll",
        "C:\\Users\\aashok\\.nuget\\packages\\uipath.vision/1.5.0\\lib/net452/UiPath.Vision.GoogleCloud.dll",
        "C:\\Users\\aashok\\.nuget\\packages\\uipath.vision/1.5.0\\lib/net452/UiPath.Vision.Microsoft.dll",
        "C:\\Users\\aashok\\.nuget\\packages\\uipath.vision/1.5.0\\lib/net452/UiPath.Vision.MicrosoftCloud.dll",
        "C:\\Users\\aashok\\.nuget\\packages\\uipath.vision/1.5.0\\lib/net452/UiPath.Vision.Tesseract.dll",
        "C:\\Users\\aashok\\.nuget\\packages\\uipath.vision/1.5.0\\lib/net452/UiPath.Vision.dll"
      ]
    },
    {
      "Package": {
        "Id": "UiPathTeam.Cognitive.Microsoft.ICR.Design",
        "Version": "1.0.6814.41209"
      },
      "Assemblies": [
        "C:\\Users\\aashok\\.nuget\\packages\\newtonsoft.json/11.0.2\\lib/net45/Newtonsoft.Json.dll",
        "C:\\Users\\aashok\\.nuget\\packages\\uipathteam.cognitive.microsoft.icr.design/1.0.6814.41209\\lib/net452/UiPathTeam.Cognitive.Microsoft.ICR.Design.dll",
        "C:\\Users\\aashok\\.nuget\\packages\\uipathteam.cognitive.microsoft.icr.design/1.0.6814.41209\\lib/net452/UiPathTeam.Microsoft.ICR.Activities.dll"
      ]
    },
    {
      "Package": {
        "Id": "UiPathTeam.Cognitive.Microsoft.OCR.Design",
        "Version": "1.0.6814.41316"
      },
      "Assemblies": [
        "C:\\Users\\aashok\\.nuget\\packages\\newtonsoft.json/11.0.2\\lib/net45/Newtonsoft.Json.dll",
        "C:\\Users\\aashok\\.nuget\\packages\\uipathteam.cognitive.microsoft.ocr.design/1.0.6814.41316\\lib/net452/UiPathTeam.Cognitive.Microsoft.OCR.Design.dll",
        "C:\\Users\\aashok\\.nuget\\packages\\uipathteam.cognitive.microsoft.ocr.design/1.0.6814.41316\\lib/net452/UiPathTeam.VisionOCR.Activities.dll"
      ]
    },
    {
      "Package": {
        "Id": "UiPathTeam.CustomInputDialog.Activities",
        "Version": "1.1.0.3"
      },
      "Assemblies": [
        "C:\\Users\\aashok\\.nuget\\packages\\system.io.compression/4.3.0\\lib/net46/System.IO.Compression.dll",
        "C:\\Users\\aashok\\.nuget\\packages\\uipathteam.custominputdialog.activities/1.1.0.3\\lib/net452/UiPath.CustomInputForm.Activities.Design.dll",
        "C:\\Users\\aashok\\.nuget\\packages\\uipathteam.custominputdialog.activities/1.1.0.3\\lib/net452/UiPathTeam.CustomInputForm.Activities.dll"
      ]
    },
    {
      "Package": {
        "Id": "UiPathTeam.Encryption.Activities",
        "Version": "1.0.6844.29335"
      },
      "Assemblies": [
        "C:\\Users\\aashok\\.nuget\\packages\\uipathteam.encryption.activities/1.0.6844.29335\\lib/net451/Encryption.Activities.dll",
        "C:\\Users\\aashok\\.nuget\\packages\\uipathteam.encryption.activities/1.0.6844.29335\\lib/net451/Encryption.Design.dll"
      ]
    },
    {
      "Package": {
        "Id": "UiPathTeam.Excel.Extensions.Activities",
        "Version": "1.0.7018.25224"
      },
      "Assemblies": [
        "C:\\Users\\aashok\\.nuget\\packages\\uipathteam.excel.extensions.activities/1.0.7018.25224\\lib/net451/Excel.Activites.Design.dll",
        "C:\\Users\\aashok\\.nuget\\packages\\uipathteam.excel.extensions.activities/1.0.7018.25224\\lib/net451/Excel.Activities.dll"
      ]
    },
    {
      "Package": {
        "Id": "UiPathTeam.ExtractDataTablesFromHTML.Activities",
        "Version": "1.0.3"
      },
      "Assemblies": [
        "C:\\Users\\aashok\\.nuget\\packages\\htmlagilitypack/1.8.7\\lib/Net45/HtmlAgilityPack.dll",
        "C:\\Users\\aashok\\.nuget\\packages\\uipathteam.extractdatatablesfromhtml.activities/1.0.3\\lib/net46/UiPathTeam.ExtractDataTablesFromHTML.Activities.dll"
      ]
    },
    {
      "Package": {
        "Id": "UiPathTeam.File.Activities",
        "Version": "1.0.4"
      },
      "Assemblies": [
        "C:\\Users\\aashok\\.nuget\\packages\\uipathteam.file.activities/1.0.4\\lib/net452/UiPathTeam.File.Activities.Design.dll",
        "C:\\Users\\aashok\\.nuget\\packages\\uipathteam.file.activities/1.0.4\\lib/net452/UiPathTeam.File.Activities.dll"
      ]
    },
    {
      "Package": {
        "Id": "UiPathTeam.FileConverter.Activities",
        "Version": "0.0.6814.35837"
      },
      "Assemblies": [
        "C:\\Users\\aashok\\.nuget\\packages\\microsoft.office.interop.excel/15.0.4795.1000\\lib/net20/Microsoft.Office.Interop.Excel.dll",
        "C:\\Users\\aashok\\.nuget\\packages\\microsoft.office.interop.word/15.0.4797.1003\\lib/net20/Microsoft.Office.Interop.Word.dll",
        "C:\\Users\\aashok\\.nuget\\packages\\uipathteam.fileconverter.activities/0.0.6814.35837\\lib/net452/UiPathTeam.FileConverter.Activities.Design.dll",
        "C:\\Users\\aashok\\.nuget\\packages\\uipathteam.fileconverter.activities/0.0.6814.35837\\lib/net452/UiPathTeam.FileConverter.Activities.dll",
        "C:\\Users\\aashok\\.nuget\\packages\\uipathteam.fileconverter.activities/0.0.6814.35837\\lib/net452/UiPathTeam.FileConverter.dll"
      ]
    },
    {
      "Package": {
        "Id": "UiPathTeam.FileWatcher.Activities",
        "Version": "1.1.0"
      },
      "Assemblies": [
        "C:\\Users\\aashok\\.nuget\\packages\\uipathteam.filewatcher.activities/1.1.0\\lib/FileWatcher.dll"
      ]
    },
    {
      "Package": {
        "Id": "UiPathTeam.HTMLActivities",
        "Version": "2.0.0"
      },
      "Assemblies": [
        "C:\\Users\\aashok\\.nuget\\packages\\uipathteam.htmlactivities/2.0.0\\lib/HTMLDisplayActivity.dll"
      ]
    },
    {
      "Package": {
        "Id": "UiPathTeam.PDFFilter.Activities",
        "Version": "1.0.0.14"
      },
      "Assemblies": [
        "C:\\Users\\aashok\\.nuget\\packages\\uipathteam.pdffilter.activities/1.0.0.14\\lib/net40/UiPathTeam.PDFFilter.Activities.dll",
        "C:\\Users\\aashok\\.nuget\\packages\\uipathteam.pdffilter.activities/1.0.0.14\\lib/net40/itextsharp.dll"
      ]
    }
  ],
  "Conflicts": [],
  "ResolvedDependencies": {
    "ActivitiesCustomMath": {
      "Id": "ActivitiesCustomMath",
      "Version": "1.0.0",
      "Dependencies": []
    },
    "ActivitiesCustomMathFunction": {
      "Id": "ActivitiesCustomMathFunction",
      "Version": "1.0.0",
      "Dependencies": []
    },
    "AForge": {
      "Id": "AForge",
      "Version": "2.2.5",
      "Dependencies": []
    },
    "AForge.Genetic": {
      "Id": "AForge.Genetic",
      "Version": "2.2.5",
      "Dependencies": [
        {
          "Item1": "AForge",
          "Item2": "[2.2.5, )"
        },
        {
          "Item1": "AForge.Math",
          "Item2": "[2.2.5, )"
        }
      ]
    },
    "AForge.Imaging": {
      "Id": "AForge.Imaging",
      "Version": "2.2.5",
      "Dependencies": [
        {
          "Item1": "AForge",
          "Item2": "[2.2.5, )"
        },
        {
          "Item1": "AForge.Math",
          "Item2": "[2.2.5, )"
        }
      ]
    },
    "AForge.Math": {
      "Id": "AForge.Math",
      "Version": "2.2.5",
      "Dependencies": [
        {
          "Item1": "AForge",
          "Item2": "[2.2.5, )"
        }
      ]
    },
    "AForge.Neuro": {
      "Id": "AForge.Neuro",
      "Version": "2.2.5",
      "Dependencies": [
        {
          "Item1": "AForge",
          "Item2": "[2.2.5, )"
        },
        {
          "Item1": "AForge.Math",
          "Item2": "[2.2.5, )"
        },
        {
          "Item1": "AForge.Genetic",
          "Item2": "[2.2.5, )"
        }
      ]
    },
    "AvalonEdit": {
      "Id": "AvalonEdit",
      "Version": "5.0.3",
      "Dependencies": []
    },
    "BitMiracle.Docotic.Pdf": {
      "Id": "BitMiracle.Docotic.Pdf",
      "Version": "5.2.8369",
      "Dependencies": []
    },
    "BouncyCastle": {
      "Id": "BouncyCastle",
      "Version": "1.8.1",
      "Dependencies": []
    },
    "CButtonLib": {
      "Id": "CButtonLib",
      "Version": "3.0.6",
      "Dependencies": []
    },
    "ClosedXML": {
      "Id": "ClosedXML",
      "Version": "0.87.1",
      "Dependencies": [
        {
          "Item1": "DocumentFormat.OpenXml",
          "Item2": "[2.5.0, )"
        }
      ]
    },
    "CsvHelper": {
      "Id": "CsvHelper",
      "Version": "2.13.5",
      "Dependencies": []
    },
    "Custom.Activities.VariableComparer": {
      "Id": "Custom.Activities.VariableComparer",
      "Version": "2.1.6",
      "Dependencies": [
        {
          "Item1": "Newtonsoft.Json",
          "Item2": "[11.0.2, )"
        }
      ]
    },
    "CustomActivityTest": {
      "Id": "CustomActivityTest",
      "Version": "1.0.0",
      "Dependencies": []
    },
    "DocumentFormat.OpenXml": {
      "Id": "DocumentFormat.OpenXml",
      "Version": "2.5.0",
      "Dependencies": []
    },
    "Extended.Wpf.Toolkit": {
      "Id": "Extended.Wpf.Toolkit",
      "Version": "2.8.0",
      "Dependencies": []
    },
    "FSharp.Core": {
      "Id": "FSharp.Core",
      "Version": "4.0.0.1",
      "Dependencies": []
    },
    "Google.Api.CommonProtos": {
      "Id": "Google.Api.CommonProtos",
      "Version": "1.2.0",
      "Dependencies": [
        {
          "Item1": "Google.Protobuf",
          "Item2": "[3.5.1, )"
        }
      ]
    },
    "Google.Api.Gax": {
      "Id": "Google.Api.Gax",
      "Version": "2.4.0",
      "Dependencies": [
        {
          "Item1": "Newtonsoft.Json",
          "Item2": "[10.0.2, )"
        },
        {
          "Item1": "System.Interactive.Async",
          "Item2": "[3.1.1, )"
        },
        {
          "Item1": "System.Net.Http",
          "Item2": "[4.1.1, )"
        }
      ]
    },
    "Google.Api.Gax.Grpc": {
      "Id": "Google.Api.Gax.Grpc",
      "Version": "2.4.0",
      "Dependencies": [
        {
          "Item1": "Google.Api.CommonProtos",
          "Item2": "[1.2.0, )"
        },
        {
          "Item1": "Google.Api.Gax",
          "Item2": "[2.4.0, )"
        },
        {
          "Item1": "Google.Apis.Auth",
          "Item2": "[1.34.0, )"
        },
        {
          "Item1": "Grpc.Auth",
          "Item2": "[1.12.0, )"
        },
        {
          "Item1": "Grpc.Core",
          "Item2": "[1.12.0, )"
        }
      ]
    },
    "Google.Api.Gax.Rest": {
      "Id": "Google.Api.Gax.Rest",
      "Version": "2.3.0",
      "Dependencies": [
        {
          "Item1": "Google.Api.Gax",
          "Item2": "[2.3.0, )"
        },
        {
          "Item1": "Google.Apis.Auth",
          "Item2": "[1.32.2, )"
        }
      ]
    },
    "Google.Apis": {
      "Id": "Google.Apis",
      "Version": "1.34.0",
      "Dependencies": [
        {
          "Item1": "Google.Apis.Core",
          "Item2": "[1.34.0, )"
        },
        {
          "Item1": "System.Net.Http",
          "Item2": "[4.3.1, )"
        },
        {
          "Item1": "Newtonsoft.Json",
          "Item2": "[10.0.2, )"
        }
      ]
    },
    "Google.Apis.Auth": {
      "Id": "Google.Apis.Auth",
      "Version": "1.34.0",
      "Dependencies": [
        {
          "Item1": "Google.Apis.Core",
          "Item2": "[1.34.0, )"
        },
        {
          "Item1": "Google.Apis",
          "Item2": "[1.34.0, )"
        }
      ]
    },
    "Google.Apis.Core": {
      "Id": "Google.Apis.Core",
      "Version": "1.34.0",
      "Dependencies": [
        {
          "Item1": "System.Net.Http",
          "Item2": "[4.3.1, )"
        },
        {
          "Item1": "Newtonsoft.Json",
          "Item2": "[10.0.2, )"
        }
      ]
    },
    "Google.Apis.Speech.v1beta1": {
      "Id": "Google.Apis.Speech.v1beta1",
      "Version": "1.34.0.1246",
      "Dependencies": [
        {
          "Item1": "Google.Apis",
          "Item2": "[1.34.0, )"
        },
        {
          "Item1": "Google.Apis.Auth",
          "Item2": "[1.34.0, )"
        }
      ]
    },
    "Google.Cloud.Speech.V1": {
      "Id": "Google.Cloud.Speech.V1",
      "Version": "1.0.1",
      "Dependencies": [
        {
          "Item1": "Google.Api.Gax.Grpc",
          "Item2": "[2.1.0, )"
        },
        {
          "Item1": "Google.LongRunning",
          "Item2": "[1.0.0, )"
        },
        {
          "Item1": "Grpc.Core",
          "Item2": "[1.6.1, )"
        }
      ]
    },
    "Google.LongRunning": {
      "Id": "Google.LongRunning",
      "Version": "1.0.0",
      "Dependencies": [
        {
          "Item1": "Google.Api.Gax.Grpc",
          "Item2": "[2.1.0, )"
        },
        {
          "Item1": "Google.Protobuf",
          "Item2": "[3.4.1, )"
        },
        {
          "Item1": "Grpc.Core",
          "Item2": "[1.6.1, )"
        }
      ]
    },
    "Google.Protobuf": {
      "Id": "Google.Protobuf",
      "Version": "3.5.1",
      "Dependencies": []
    },
    "Grpc.Auth": {
      "Id": "Grpc.Auth",
      "Version": "1.12.0",
      "Dependencies": [
        {
          "Item1": "Grpc.Core",
          "Item2": "[1.12.0, )"
        },
        {
          "Item1": "Google.Apis.Auth",
          "Item2": "[1.21.0, )"
        }
      ]
    },
    "Grpc.Core": {
      "Id": "Grpc.Core",
      "Version": "1.12.0",
      "Dependencies": [
        {
          "Item1": "System.Interactive.Async",
          "Item2": "[3.1.1, )"
        }
      ]
    },
    "HtmlAgilityPack": {
      "Id": "HtmlAgilityPack",
      "Version": "1.8.7",
      "Dependencies": []
    },
    "Humanizer.Core": {
      "Id": "Humanizer.Core",
      "Version": "2.4.2",
      "Dependencies": []
    },
    "IvanAkcheurov.NTextCat.Lib": {
      "Id": "IvanAkcheurov.NTextCat.Lib",
      "Version": "0.2.1.1",
      "Dependencies": []
    },
    "JH.Google.Cloud.TextToSpeech.V1": {
      "Id": "JH.Google.Cloud.TextToSpeech.V1",
      "Version": "1.0.2",
      "Dependencies": [
        {
          "Item1": "Google.Apis",
          "Item2": "[1.33.0, )"
        },
        {
          "Item1": "Google.Api.Gax",
          "Item2": "[2.3.0, )"
        },
        {
          "Item1": "Google.Api.Gax.Rest",
          "Item2": "[2.3.0, )"
        }
      ]
    },
    "MathNet.Numerics": {
      "Id": "MathNet.Numerics",
      "Version": "4.5.1",
      "Dependencies": []
    },
    "Metrics.NET": {
      "Id": "Metrics.NET",
      "Version": "0.5.5",
      "Dependencies": []
    },
    "Microsoft.Exchange.WebServices": {
      "Id": "Microsoft.Exchange.WebServices",
      "Version": "2.2.0",
      "Dependencies": []
    },
    "Microsoft.Office.Interop.Excel": {
      "Id": "Microsoft.Office.Interop.Excel",
      "Version": "15.0.4795.1000",
      "Dependencies": []
    },
    "Microsoft.Office.Interop.Word": {
      "Id": "Microsoft.Office.Interop.Word",
      "Version": "15.0.4797.1003",
      "Dependencies": []
    },
    "Microsoft.Recognizers.Text": {
      "Id": "Microsoft.Recognizers.Text",
      "Version": "1.1.1",
      "Dependencies": [
        {
          "Item1": "System.Collections.Immutable",
          "Item2": "[1.4.0, )"
        },
        {
          "Item1": "System.ValueTuple",
          "Item2": "[4.4.0, )"
        }
      ]
    },
    "Microsoft.Recognizers.Text.Choice": {
      "Id": "Microsoft.Recognizers.Text.Choice",
      "Version": "1.1.1",
      "Dependencies": [
        {
          "Item1": "System.Collections.Immutable",
          "Item2": "[1.4.0, )"
        },
        {
          "Item1": "Microsoft.Recognizers.Text",
          "Item2": "[1.1.1, )"
        }
      ]
    },
    "Microsoft.Recognizers.Text.DateTime": {
      "Id": "Microsoft.Recognizers.Text.DateTime",
      "Version": "1.1.1",
      "Dependencies": [
        {
          "Item1": "System.Collections.Immutable",
          "Item2": "[1.4.0, )"
        },
        {
          "Item1": "Microsoft.Recognizers.Text",
          "Item2": "[1.1.1, )"
        },
        {
          "Item1": "Microsoft.Recognizers.Text.Number",
          "Item2": "[1.1.1, )"
        },
        {
          "Item1": "Microsoft.Recognizers.Text.NumberWithUnit",
          "Item2": "[1.1.1, )"
        }
      ]
    },
    "Microsoft.Recognizers.Text.Number": {
      "Id": "Microsoft.Recognizers.Text.Number",
      "Version": "1.1.1",
      "Dependencies": [
        {
          "Item1": "System.Collections.Immutable",
          "Item2": "[1.4.0, )"
        },
        {
          "Item1": "Microsoft.Recognizers.Text",
          "Item2": "[1.1.1, )"
        }
      ]
    },
    "Microsoft.Recognizers.Text.NumberWithUnit": {
      "Id": "Microsoft.Recognizers.Text.NumberWithUnit",
      "Version": "1.1.1",
      "Dependencies": [
        {
          "Item1": "System.Collections.Immutable",
          "Item2": "[1.4.0, )"
        },
        {
          "Item1": "Microsoft.Recognizers.Text",
          "Item2": "[1.1.1, )"
        },
        {
          "Item1": "Microsoft.Recognizers.Text.Number",
          "Item2": "[1.1.1, )"
        }
      ]
    },
    "Microsoft.Recognizers.Text.Sequence": {
      "Id": "Microsoft.Recognizers.Text.Sequence",
      "Version": "1.1.1",
      "Dependencies": [
        {
          "Item1": "System.Collections.Immutable",
          "Item2": "[1.4.0, )"
        },
        {
          "Item1": "Microsoft.Recognizers.Text",
          "Item2": "[1.1.1, )"
        }
      ]
    },
    "Microsoft.Rest.ClientRuntime": {
      "Id": "Microsoft.Rest.ClientRuntime",
      "Version": "2.3.10",
      "Dependencies": [
        {
          "Item1": "Newtonsoft.Json",
          "Item2": "[6.0.8, )"
        }
      ]
    },
    "Microsoft.VisualBasic": {
      "Id": "Microsoft.VisualBasic",
      "Version": "10.0.0",
      "Dependencies": []
    },
    "Microsoft.VisualStudio.CoreUtility": {
      "Id": "Microsoft.VisualStudio.CoreUtility",
      "Version": "15.0.26606",
      "Dependencies": []
    },
    "Microsoft.VisualStudio.ImageCatalog": {
      "Id": "Microsoft.VisualStudio.ImageCatalog",
      "Version": "15.0.26606",
      "Dependencies": []
    },
    "Microsoft.VisualStudio.Imaging": {
      "Id": "Microsoft.VisualStudio.Imaging",
      "Version": "15.0.26606",
      "Dependencies": [
        {
          "Item1": "Microsoft.VisualStudio.Utilities",
          "Item2": "[15.0.26606, )"
        }
      ]
    },
    "Microsoft.VisualStudio.InteractiveWindow": {
      "Id": "Microsoft.VisualStudio.InteractiveWindow",
      "Version": "2.8.0",
      "Dependencies": [
        {
          "Item1": "Microsoft.VisualStudio.CoreUtility",
          "Item2": "[15.0.26606, )"
        },
        {
          "Item1": "Microsoft.VisualStudio.ImageCatalog",
          "Item2": "[15.0.26606, )"
        },
        {
          "Item1": "Microsoft.VisualStudio.Imaging",
          "Item2": "[15.0.26606, )"
        },
        {
          "Item1": "Microsoft.VisualStudio.Language.Intellisense",
          "Item2": "[15.0.26606, )"
        },
        {
          "Item1": "Microsoft.VisualStudio.Language.StandardClassification",
          "Item2": "[15.0.26606, )"
        },
        {
          "Item1": "Microsoft.VisualStudio.Text.Data",
          "Item2": "[15.0.26606, )"
        },
        {
          "Item1": "Microsoft.VisualStudio.Text.Logic",
          "Item2": "[15.0.26606, )"
        },
        {
          "Item1": "Microsoft.VisualStudio.Text.UI",
          "Item2": "[15.0.26606, )"
        },
        {
          "Item1": "Microsoft.VisualStudio.Text.UI.Wpf",
          "Item2": "[15.0.26606, )"
        },
        {
          "Item1": "Microsoft.VisualStudio.Threading",
          "Item2": "[15.3.83, )"
        }
      ]
    },
    "Microsoft.VisualStudio.Language.Intellisense": {
      "Id": "Microsoft.VisualStudio.Language.Intellisense",
      "Version": "15.0.26606",
      "Dependencies": [
        {
          "Item1": "Microsoft.VisualStudio.Text.UI",
          "Item2": "[15.0.26606, )"
        },
        {
          "Item1": "Microsoft.VisualStudio.Text.Data",
          "Item2": "[15.0.26606, )"
        },
        {
          "Item1": "Microsoft.VisualStudio.CoreUtility",
          "Item2": "[15.0.26606, )"
        }
      ]
    },
    "Microsoft.VisualStudio.Language.StandardClassification": {
      "Id": "Microsoft.VisualStudio.Language.StandardClassification",
      "Version": "15.0.26606",
      "Dependencies": [
        {
          "Item1": "Microsoft.VisualStudio.Text.Logic",
          "Item2": "[15.0.26606, )"
        }
      ]
    },
    "Microsoft.VisualStudio.OLE.Interop": {
      "Id": "Microsoft.VisualStudio.OLE.Interop",
      "Version": "7.10.6071",
      "Dependencies": []
    },
    "Microsoft.VisualStudio.Text.Data": {
      "Id": "Microsoft.VisualStudio.Text.Data",
      "Version": "15.0.26606",
      "Dependencies": [
        {
          "Item1": "Microsoft.VisualStudio.CoreUtility",
          "Item2": "[15.0.26606, )"
        }
      ]
    },
    "Microsoft.VisualStudio.Text.Logic": {
      "Id": "Microsoft.VisualStudio.Text.Logic",
      "Version": "15.0.26606",
      "Dependencies": [
        {
          "Item1": "Microsoft.VisualStudio.Text.Data",
          "Item2": "[15.0.26606, )"
        },
        {
          "Item1": "Microsoft.VisualStudio.CoreUtility",
          "Item2": "[15.0.26606, )"
        }
      ]
    },
    "Microsoft.VisualStudio.Text.UI": {
      "Id": "Microsoft.VisualStudio.Text.UI",
      "Version": "15.0.26606",
      "Dependencies": [
        {
          "Item1": "Microsoft.VisualStudio.Text.Data",
          "Item2": "[15.0.26606, )"
        },
        {
          "Item1": "Microsoft.VisualStudio.Text.Logic",
          "Item2": "[15.0.26606, )"
        },
        {
          "Item1": "Microsoft.VisualStudio.CoreUtility",
          "Item2": "[15.0.26606, )"
        }
      ]
    },
    "Microsoft.VisualStudio.Text.UI.Wpf": {
      "Id": "Microsoft.VisualStudio.Text.UI.Wpf",
      "Version": "15.0.26606",
      "Dependencies": [
        {
          "Item1": "Microsoft.VisualStudio.Text.UI",
          "Item2": "[15.0.26606, )"
        },
        {
          "Item1": "Microsoft.VisualStudio.Text.Data",
          "Item2": "[15.0.26606, )"
        },
        {
          "Item1": "Microsoft.VisualStudio.Text.Logic",
          "Item2": "[15.0.26606, )"
        },
        {
          "Item1": "Microsoft.VisualStudio.CoreUtility",
          "Item2": "[15.0.26606, )"
        }
      ]
    },
    "Microsoft.VisualStudio.Threading": {
      "Id": "Microsoft.VisualStudio.Threading",
      "Version": "15.3.83",
      "Dependencies": [
        {
          "Item1": "Microsoft.VisualStudio.Validation",
          "Item2": "[15.3.15, )"
        }
      ]
    },
    "Microsoft.VisualStudio.Utilities": {
      "Id": "Microsoft.VisualStudio.Utilities",
      "Version": "15.0.26606",
      "Dependencies": []
    },
    "Microsoft.VisualStudio.Validation": {
      "Id": "Microsoft.VisualStudio.Validation",
      "Version": "15.3.15",
      "Dependencies": []
    },
    "Microsoft.Xaml.Behaviors.Wpf": {
      "Id": "Microsoft.Xaml.Behaviors.Wpf",
      "Version": "1.0.1",
      "Dependencies": []
    },
    "NAudio": {
      "Id": "NAudio",
      "Version": "1.8.4",
      "Dependencies": []
    },
    "Newtonsoft.Json": {
      "Id": "Newtonsoft.Json",
      "Version": "11.0.2",
      "Dependencies": []
    },
    "NPOI": {
      "Id": "NPOI",
      "Version": "2.4.1",
      "Dependencies": [
        {
          "Item1": "SharpZipLib",
          "Item2": "[1.0.0, )"
        }
      ]
    },
    "NuGet.VisualStudio": {
      "Id": "NuGet.VisualStudio",
      "Version": "5.0.2",
      "Dependencies": []
    },
    "Numsense": {
      "Id": "Numsense",
      "Version": "0.12.0",
      "Dependencies": [
        {
          "Item1": "FSharp.Core",
          "Item2": "[4.0.0.1, )"
        }
      ]
    },
    "SharpZipLib": {
      "Id": "SharpZipLib",
      "Version": "1.0.0",
      "Dependencies": []
    },
    "Speech": {
      "Id": "Speech",
      "Version": "1.0.7",
      "Dependencies": []
    },
    "System.Collections.Immutable": {
      "Id": "System.Collections.Immutable",
      "Version": "1.5.0",
      "Dependencies": []
    },
    "System.Interactive.Async": {
      "Id": "System.Interactive.Async",
      "Version": "3.2.0",
      "Dependencies": []
    },
    "System.IO.Compression": {
      "Id": "System.IO.Compression",
      "Version": "4.3.0",
      "Dependencies": []
    },
    "System.Management.Automation": {
      "Id": "System.Management.Automation",
      "Version": "6.1.7601.17515",
      "Dependencies": []
    },
    "System.Net.Http": {
      "Id": "System.Net.Http",
      "Version": "4.3.1",
      "Dependencies": [
        {
          "Item1": "System.Security.Cryptography.X509Certificates",
          "Item2": "[4.3.0, )"
        }
      ]
    },
    "System.Runtime.InteropServices.RuntimeInformation": {
      "Id": "System.Runtime.InteropServices.RuntimeInformation",
      "Version": "4.3.0",
      "Dependencies": []
    },
    "System.Security.Cryptography.Algorithms": {
      "Id": "System.Security.Cryptography.Algorithms",
      "Version": "4.3.0",
      "Dependencies": [
        {
          "Item1": "System.Security.Cryptography.Primitives",
          "Item2": "[4.3.0, )"
        }
      ]
    },
    "System.Security.Cryptography.Encoding": {
      "Id": "System.Security.Cryptography.Encoding",
      "Version": "4.3.0",
      "Dependencies": []
    },
    "System.Security.Cryptography.Primitives": {
      "Id": "System.Security.Cryptography.Primitives",
      "Version": "4.3.0",
      "Dependencies": []
    },
    "System.Security.Cryptography.X509Certificates": {
      "Id": "System.Security.Cryptography.X509Certificates",
      "Version": "4.3.0",
      "Dependencies": [
        {
          "Item1": "System.Security.Cryptography.Algorithms",
          "Item2": "[4.3.0, )"
        },
        {
          "Item1": "System.Security.Cryptography.Encoding",
          "Item2": "[4.3.0, )"
        }
      ]
    },
    "System.ValueTuple": {
      "Id": "System.ValueTuple",
      "Version": "4.5.0",
      "Dependencies": []
    },
    "TestCustomActivity": {
      "Id": "TestCustomActivity",
      "Version": "1.0.0",
      "Dependencies": []
    },
    "UiPath": {
      "Id": "UiPath",
      "Version": "19.4.7054.14370",
      "Dependencies": []
    },
    "UiPath.AbbyyFRE12.Bundle": {
      "Id": "UiPath.AbbyyFRE12.Bundle",
      "Version": "1.0.0",
      "Dependencies": []
    },
    "UiPath.CefSharpBundle": {
      "Id": "UiPath.CefSharpBundle",
      "Version": "1.0.1",
      "Dependencies": []
    },
    "UiPath.Cognitive.Activities": {
      "Id": "UiPath.Cognitive.Activities",
      "Version": "2.2.1",
      "Dependencies": [
        {
          "Item1": "Newtonsoft.Json",
          "Item2": "[11.0.2, )"
        }
      ]
    },
    "UiPath.DocumentProcessing.Contracts": {
      "Id": "UiPath.DocumentProcessing.Contracts",
      "Version": "1.0.0",
      "Dependencies": [
        {
          "Item1": "Newtonsoft.Json",
          "Item2": "[11.0.2, )"
        }
      ]
    },
    "UiPath.Excel.Activities": {
      "Id": "UiPath.Excel.Activities",
      "Version": "2.5.2",
      "Dependencies": [
        {
          "Item1": "ClosedXML",
          "Item2": "[0.87.1, )"
        },
        {
          "Item1": "CsvHelper",
          "Item2": "[2.13.5, )"
        },
        {
          "Item1": "DocumentFormat.OpenXml",
          "Item2": "[2.5.0, )"
        },
        {
          "Item1": "Microsoft.VisualStudio.OLE.Interop",
          "Item2": "[7.10.6071, )"
        },
        {
          "Item1": "NPOI",
          "Item2": "[2.4.1, )"
        },
        {
          "Item1": "SharpZipLib",
          "Item2": "[1.0.0, )"
        }
      ]
    },
    "UiPath.GoogleSpeech.Activities": {
      "Id": "UiPath.GoogleSpeech.Activities",
      "Version": "0.1.6850.39757",
      "Dependencies": [
        {
          "Item1": "System.Interactive.Async",
          "Item2": "[3.2.0, )"
        },
        {
          "Item1": "Google.Api.Gax",
          "Item2": "[2.4.0, )"
        },
        {
          "Item1": "Google.Api.Gax.Grpc",
          "Item2": "[2.4.0, )"
        },
        {
          "Item1": "Google.Apis",
          "Item2": "[1.34.0, )"
        },
        {
          "Item1": "Google.Apis.Auth",
          "Item2": "[1.34.0, )"
        },
        {
          "Item1": "Google.Apis.Speech.v1beta1",
          "Item2": "[1.34.0.1246, )"
        },
        {
          "Item1": "Google.Cloud.Speech.V1",
          "Item2": "[1.0.1, )"
        },
        {
          "Item1": "Google.Protobuf",
          "Item2": "[3.5.1, )"
        },
        {
          "Item1": "Grpc.Core",
          "Item2": "[1.12.0, )"
        },
        {
          "Item1": "JH.Google.Cloud.TextToSpeech.V1",
          "Item2": "[1.0.2, )"
        },
        {
          "Item1": "NAudio",
          "Item2": "[1.8.4, )"
        },
        {
          "Item1": "System.Net.Http",
          "Item2": "[4.3.1, )"
        }
      ]
    },
    "UiPath.IntelligentOCR.Activities": {
      "Id": "UiPath.IntelligentOCR.Activities",
      "Version": "2.0.0",
      "Dependencies": [
        {
          "Item1": "UiPath.CefSharpBundle",
          "Item2": "[1.0.1, )"
        },
        {
          "Item1": "UiPath.Vision",
          "Item2": "[1.5.0, )"
        },
        {
          "Item1": "UiPath.DocumentProcessing.Contracts",
          "Item2": "[1.0.0, )"
        },
        {
          "Item1": "Microsoft.Xaml.Behaviors.Wpf",
          "Item2": "[1.0.1, )"
        },
        {
          "Item1": "System.Collections.Immutable",
          "Item2": "[1.5.0, )"
        },
        {
          "Item1": "BitMiracle.Docotic.Pdf",
          "Item2": "[5.2.8369, )"
        },
        {
          "Item1": "Metrics.NET",
          "Item2": "[0.5.5, )"
        },
        {
          "Item1": "Newtonsoft.Json",
          "Item2": "[11.0.2, )"
        },
        {
          "Item1": "System.ValueTuple",
          "Item2": "[4.5.0, )"
        },
        {
          "Item1": "IvanAkcheurov.NTextCat.Lib",
          "Item2": "[0.2.1.1, )"
        },
        {
          "Item1": "AForge.Imaging",
          "Item2": "[2.2.5, )"
        },
        {
          "Item1": "AForge.Neuro",
          "Item2": "[2.2.5, )"
        },
        {
          "Item1": "CsvHelper",
          "Item2": "[2.13.5, )"
        },
        {
          "Item1": "MathNet.Numerics",
          "Item2": "[4.5.1, )"
        },
        {
          "Item1": "Numsense",
          "Item2": "[0.12.0, )"
        },
        {
          "Item1": "System.Runtime.InteropServices.RuntimeInformation",
          "Item2": "[4.3.0, )"
        }
      ]
    },
    "UiPath.Mail.Activities": {
      "Id": "UiPath.Mail.Activities",
      "Version": "1.3.0",
      "Dependencies": [
        {
          "Item1": "Microsoft.Exchange.WebServices",
          "Item2": "[2.2.0, )"
        },
        {
          "Item1": "BouncyCastle",
          "Item2": "[1.8.1, )"
        }
      ]
    },
    "UiPath.MicrosoftTxtRecognizer.Activities": {
      "Id": "UiPath.MicrosoftTxtRecognizer.Activities",
      "Version": "0.1.6850.37240",
      "Dependencies": [
        {
          "Item1": "Microsoft.Recognizers.Text.Choice",
          "Item2": "[1.1.1, )"
        },
        {
          "Item1": "Microsoft.Recognizers.Text.DateTime",
          "Item2": "[1.1.1, )"
        },
        {
          "Item1": "Microsoft.Recognizers.Text.Sequence",
          "Item2": "[1.1.1, )"
        }
      ]
    },
    "UiPath.Script.Activities": {
      "Id": "UiPath.Script.Activities",
      "Version": "1.0.6710.16240",
      "Dependencies": [
        {
          "Item1": "System.Management.Automation",
          "Item2": "[6.1.7601.17515, )"
        }
      ]
    },
    "UiPath.System.Activities": {
      "Id": "UiPath.System.Activities",
      "Version": "19.3.0",
      "Dependencies": [
        {
          "Item1": "CsvHelper",
          "Item2": "[2.13.5, )"
        },
        {
          "Item1": "Microsoft.Rest.ClientRuntime",
          "Item2": "[2.3.10, )"
        },
        {
          "Item1": "Newtonsoft.Json",
          "Item2": "[11.0.2, )"
        }
      ]
    },
    "UiPath.UIAutomation.Activities": {
      "Id": "UiPath.UIAutomation.Activities",
      "Version": "19.3.0",
      "Dependencies": [
        {
          "Item1": "UiPath.Vision",
          "Item2": "[1.4.0, )"
        },
        {
          "Item1": "AvalonEdit",
          "Item2": "[5.0.3, )"
        },
        {
          "Item1": "Extended.Wpf.Toolkit",
          "Item2": "[2.8.0, )"
        },
        {
          "Item1": "Humanizer.Core",
          "Item2": "[2.4.2, )"
        },
        {
          "Item1": "UiPath",
          "Item2": "[10.0.7004.31775, )"
        }
      ]
    },
    "UiPath.Vision": {
      "Id": "UiPath.Vision",
      "Version": "1.5.0",
      "Dependencies": []
    },
    "UiPathTeam.Cognitive.Microsoft.ICR.Design": {
      "Id": "UiPathTeam.Cognitive.Microsoft.ICR.Design",
      "Version": "1.0.6814.41209",
      "Dependencies": [
        {
          "Item1": "Newtonsoft.Json",
          "Item2": "[11.0.2, )"
        }
      ]
    },
    "UiPathTeam.Cognitive.Microsoft.OCR.Design": {
      "Id": "UiPathTeam.Cognitive.Microsoft.OCR.Design",
      "Version": "1.0.6814.41316",
      "Dependencies": [
        {
          "Item1": "Newtonsoft.Json",
          "Item2": "[11.0.2, )"
        }
      ]
    },
    "UiPathTeam.CustomInputDialog.Activities": {
      "Id": "UiPathTeam.CustomInputDialog.Activities",
      "Version": "1.1.0.3",
      "Dependencies": [
        {
          "Item1": "System.IO.Compression",
          "Item2": "[4.3.0, )"
        }
      ]
    },
    "UiPathTeam.Encryption.Activities": {
      "Id": "UiPathTeam.Encryption.Activities",
      "Version": "1.0.6844.29335",
      "Dependencies": []
    },
    "UiPathTeam.Excel.Extensions.Activities": {
      "Id": "UiPathTeam.Excel.Extensions.Activities",
      "Version": "1.0.7018.25224",
      "Dependencies": []
    },
    "UiPathTeam.ExtractDataTablesFromHTML.Activities": {
      "Id": "UiPathTeam.ExtractDataTablesFromHTML.Activities",
      "Version": "1.0.3",
      "Dependencies": [
        {
          "Item1": "HtmlAgilityPack",
          "Item2": "[1.8.7, )"
        }
      ]
    },
    "UiPathTeam.File.Activities": {
      "Id": "UiPathTeam.File.Activities",
      "Version": "1.0.4",
      "Dependencies": []
    },
    "UiPathTeam.FileConverter.Activities": {
      "Id": "UiPathTeam.FileConverter.Activities",
      "Version": "0.0.6814.35837",
      "Dependencies": [
        {
          "Item1": "Microsoft.Office.Interop.Excel",
          "Item2": "[15.0.4795.1000, )"
        },
        {
          "Item1": "Microsoft.Office.Interop.Word",
          "Item2": "[15.0.4797.1003, )"
        }
      ]
    },
    "UiPathTeam.FileWatcher.Activities": {
      "Id": "UiPathTeam.FileWatcher.Activities",
      "Version": "1.1.0",
      "Dependencies": []
    },
    "UiPathTeam.HTMLActivities": {
      "Id": "UiPathTeam.HTMLActivities",
      "Version": "2.0.0",
      "Dependencies": []
    },
    "UiPathTeam.PDFFilter.Activities": {
      "Id": "UiPathTeam.PDFFilter.Activities",
      "Version": "1.0.0.14",
      "Dependencies": []
    }
  }
}